username,total_days_on_course,video_views,textbook_views,solved_tasks,forum_activity
OlgaStrelnikova,66,116,12,289,0
abrosimovaoe,44,24,25,86,0
akimovnv,33,87,4,256,0
alenatresh,72,116,25,274,0
anastasiiashadchneva,59,2,9,150,0
andrey_andreew,61,128,17,284,0
antondnn,64,32,24,183,0
antoni_chupis,47,89,25,216,1
antonkireew,53,99,10,221,0
bachelor_itmo,3,0,0,0,0
balashovasa,24,19,4,38,0
bazhutinaov,54,113,9,280,0
boitsev,11,0,0,0,0
bondarevskijmn,60,35,20,64,0
braunve,34,26,11,63,0
burbelaas,65,135,4,246,0
cherepanovaev,80,153,3,337,0
chursinovys,18,15,4,21,0
dajbageds,66,152,26,342,0
demidovaee,64,66,26,181,0
dgluschenko,46,104,15,229,3
dmitrysheshukov,1,0,0,0,0
dubravinna,45,83,16,200,0
dvolchek,59,3,3,6,1
dyachenkoov,51,94,16,211,0
dyakonovasg,57,79,12,155,0
egmichailova,4,0,4,1,0
evsikovks,23,45,2,153,0
ezhovaga,69,107,23,270,0
fadeevrv,91,95,25,223,0
fastmotor,8,8,1,8,0
gadzhieva_elvira,76,132,15,295,0
gorbunovaa,34,13,3,42,0
gorumo,74,0,9,6,3
grafeeva,16,0,5,0,0
gudisea,20,14,2,36,0
hodyrevan,70,72,20,152,0
holodnayaev,11,8,1,20,0
ibatullinaav,50,46,7,86,0
id160430089,38,84,2,215,1
id_brunetochka,50,66,8,157,0
kazymovaya,48,111,17,281,0
komarovdi,29,51,16,257,0
konyaev-alexsandr,54,83,25,134,0
kotovaly,95,82,24,284,1
kozminyhms,61,120,26,251,0
kozyrevaes,37,59,2,167,0
krapivinasa,25,28,25,121,1
krylovaos,61,85,25,195,0
kucheruksv,92,81,12,236,6
kushmanovati,43,93,17,235,0
kuznecovaem,10,10,25,19,0
lactea,32,37,6,94,0
larkk31,1,0,1,0,0
lazutkinn,61,117,17,262,0
lazyrinms,18,16,0,58,0
lohnevaei,62,89,1,186,0
lyalikovavg,50,120,24,325,1
mariia_i,2,2,0,4,0
markinaekal,31,26,16,80,0
martyshevdv,57,88,4,242,0
matveevamn,21,14,4,17,0
matveyukov,63,53,25,256,0
mdobrobaba,16,9,2,10,0
mengyas,69,97,17,226,0
mezan,75,84,3,206,0
mihajlovaev,59,37,11,125,2
mileniniv,67,130,25,299,4
mironovaekal,31,57,3,108,0
mishchenkoma,28,53,25,222,0
muravevalv,50,73,12,254,0
novikovaea,19,17,8,6,0
obedkovaav,16,14,25,24,0
oegorova,29,0,0,0,0
paaashaaa,2,0,0,0,0
parnovaim,49,95,23,253,0
pavlovatv,58,156,6,172,0
petrik,5,0,0,0,0
petrovake,64,81,26,219,0
petrovarts,70,104,7,245,0
plotnikoviv,23,20,8,40,0
polikarpovoa,63,94,26,264,0
ponkratovaaa,57,52,13,195,1
popovaanvl,17,21,2,38,0
popovaverval,69,85,13,213,0
ratnersv,26,114,25,280,0
reshetnikovams,31,57,19,95,0
rezaiann,1,1,0,0,0
rigosikos,45,42,25,134,9
rogozinaiv,66,64,4,184,2
rustamazimov19021995,1,0,0,0,0
ryattelav,71,79,26,197,0
rylevagv,45,88,26,244,0
salihover,17,10,1,12,0
samohinavalo,46,32,8,95,0
savelevmm,59,32,9,147,0
semenovnn,20,14,1,30,0
shchitovaaa,21,22,0,129,0
shishkovavm,73,114,25,278,9
shulikavg,39,46,3,216,0
silaevama,68,110,25,267,0
sivakovia,32,158,25,342,0
sizovny,28,47,2,92,0
skopincevan,72,5,20,186,1
smolchenkomy,69,110,8,309,0
soa_,49,56,14,201,0
sobolevama,75,123,25,302,1
solodilovasv,58,59,10,146,0
sorokinasofig,27,21,23,68,0
suprun_a,64,109,15,281,0
tanyaahtanya,71,107,22,267,0
tishchenkodv,70,62,26,210,0
troyanovaa,91,107,12,150,0
ulyanovay,5,4,0,5,0
vlasovne,9,14,5,28,0
volkovayv,45,49,25,182,0
vorobevmy,42,76,13,189,0
xmmmmm,73,52,25,175,1
yakovlevairn,9,15,1,27,0
yurevaoa,80,158,21,342,0
zamulinaov,64,134,18,305,0
zaripovagm,14,5,1,7,0
zhmurinaad,36,65,14,171,1
zlobnovaai,42,38,4,145,0
zyryanovamo,37,72,6,225,0
